AVG(environmentaldata.Temperature),SensorID
26.166667,1
28.000000,2
20.000000,3
29.000000,4
22.000000,5
24.000000,6
